{
  "critical_fixes": [
    {
      "issue": "Missing Meta Descriptions",
      "priority": "Critical",
      "pages_affected": 8,
      "current_status": "No meta descriptions visible in page source",
      "recommendation": "Add unique, compelling meta descriptions (150-160 characters) to all pages",
      "implementation": "Add <meta name='description' content='Your description here'> to each page's <head> section",
      "expected_impact": "Improved CTR from search results by 5-15%, better snippet display in SERPs",
      "timeline": "1-2 days"
    },
    {
      "issue": "Obfuscated Email Links",
      "priority": "Critical",
      "pages_affected": 5,
      "current_status": "Email links using 'mailto:6d813b09' format instead of actual emails",
      "recommendation": "Replace obfuscated mailto links with proper email addresses or implement proper email protection",
      "implementation": "Update href attributes to 'mailto:kskhealthcare.in@gmail.com' or use JavaScript-based email protection",
      "expected_impact": "Improved user experience, easier contact access, better accessibility compliance",
      "timeline": "1 day"
    }
  ],
  "high_priority": [
    {
      "issue": "Missing H3 Subheadings",
      "priority": "High",
      "pages_affected": 8,
      "current_status": "Content structure uses only H1 and H2 tags, no H3 tags",
      "recommendation": "Add descriptive H3 subheadings for better content hierarchy",
      "implementation": "Break down H2 sections into H3 subsections for detailed topics",
      "expected_impact": "Improved content readability, better SEO structure, enhanced accessibility",
      "timeline": "2-3 days"
    },
    {
      "issue": "Broken Social Media Labels",
      "priority": "High",
      "pages_affected": 1,
      "current_status": "Footer social links showing 'Follow us on undefined'",
      "recommendation": "Fix aria-label attributes to properly identify social media platforms",
      "implementation": "Update aria-labels: 'Follow us on Facebook', 'Follow us on Instagram', etc.",
      "expected_impact": "Better accessibility for screen readers, improved user experience",
      "timeline": "1 hour"
    }
  ],
  "performance_optimization": [
    {
      "issue": "Largest Contentful Paint (LCP)",
      "priority": "Critical",
      "current_score": "45/100 - Poor",
      "recommendation": "Optimize largest content element loading time to under 2.5 seconds",
      "implementation": [
        "Compress and optimize hero images",
        "Implement lazy loading for below-fold images",
        "Use WebP format instead of JPEG/PNG",
        "Optimize server response time",
        "Implement CDN for faster content delivery"
      ],
      "expected_impact": "30-40% improvement in page load time, better user engagement",
      "timeline": "1-2 weeks"
    },
    {
      "issue": "Speed Index",
      "priority": "High",
      "current_score": "55/100 - Needs Improvement",
      "recommendation": "Improve visual loading progression",
      "implementation": [
        "Minimize render-blocking resources",
        "Defer non-critical CSS and JavaScript",
        "Optimize critical rendering path",
        "Reduce third-party script impact"
      ],
      "expected_impact": "20-30% faster perceived page speed",
      "timeline": "1 week"
    }
  ],
  "technical_enhancements": [
    {
      "category": "Schema Markup",
      "priority": "High",
      "implementation": "Add structured data for LocalBusiness, MedicalBusiness, and Organization",
      "benefits": "Rich snippets in search results, better local SEO, enhanced knowledge panel",
      "timeline": "2-3 days"
    },
    {
      "category": "XML Sitemap",
      "priority": "Medium",
      "implementation": "Create and submit comprehensive XML sitemap to Google Search Console",
      "benefits": "Better crawlability, faster indexing of new content",
      "timeline": "1 day"
    },
    {
      "category": "Robots.txt Optimization",
      "priority": "Medium",
      "implementation": "Review and optimize robots.txt file to ensure proper crawl directives",
      "benefits": "Efficient crawl budget usage, prevent indexing of sensitive pages",
      "timeline": "1 day"
    }
  ]
}